{
    "now": "2022-10-20T16:38:54.023Z",
    "perfNow": 7507439.399999976,
    "diagnosticCorrelation": "fcad710e-4b84-47b2-9230-5fe66ad1a103",
    "source": "DownloadSupportFiles",
    "environment": {
        "productName": "a365",
        "buildVersion": "22.1012.19",
        "environmentType": 9,
        "resourceName": "njo-synapse",
        "resourceRegion": "eastus",
        "resourceGroup": "njo_rg_extsandbox_lab1",
        "subscriptionId": "b2c949f6-ea2c-47d9-b41d-9e8b8a5fa171",
        "sessionId": "PhZ36",
        "operationId": "4Txdo",
        "gitType": "live"
    },
    "additionalInfo": {
        "selectedResource": "load_dataverse_to_dedicated_dataflow",
        "selectedResourceType": "pipeline"
    }
}