{
    "name": "Dataflow_dataverse2dedicated",
    "properties": {
        "type": "MappingDataFlow",
        "typeProperties": {
            "sources": [
                {
                    "name": "source1"
                }
            ],
            "sinks": [
                {
                    "dataset": {
                        "referenceName": "AzureSynapseAnalyticsTable1",
                        "type": "DatasetReference"
                    },
                    "name": "sink1"
                }
            ],
            "transformations": [],
            "scriptLines": [
                "parameters{",
                "     source_table as string,",
                "     target_table as string",
                "}",
                "source(allowSchemaDrift: true,",
                "     validateSchema: false,",
                "     store: 'synapse',",
                "     databaseType: 'spark',",
                "     format: 'table',",
                "     database: 'dataverse_microsoftdef_unqe34e4b9dda9545688517360d1e780',",
                "     tableName: ($source_table)) ~> source1",
                "source1 sink(allowSchemaDrift: true,",
                "     validateSchema: false,",
                "     deletable:false,",
                "     insertable:true,",
                "     updateable:false,",
                "     upsertable:false,",
                "     recreate:true,",
                "     format: 'table',",
                "     staged: true,",
                "     allowCopyCommand: true,",
                "     skipDuplicateMapInputs: true,",
                "     skipDuplicateMapOutputs: true,",
                "     errorHandlingOption: 'stopOnFirstError') ~> sink1"
            ]
        }
    }
}