{
    "name": "load_dataverse_to_dedicated_dataflow",
    "properties": {
        "activities": [
            {
                "name": "Data flow1",
                "type": "ExecuteDataFlow",
                "dependsOn": [],
                "policy": {
                    "timeout": "0.12:00:00",
                    "retry": 0,
                    "retryIntervalInSeconds": 30,
                    "secureOutput": false,
                    "secureInput": false
                },
                "userProperties": [],
                "typeProperties": {
                    "dataflow": {
                        "referenceName": "Dataflow_dataverse2dedicated",
                        "type": "DataFlowReference",
                        "parameters": {
                            "source_table": {
                                "value": "'@{variables('v_source_tbl')}'",
                                "type": "Expression"
                            },
                            "target_table": {
                                "value": "'@{variables('v_target_tbl')}'",
                                "type": "Expression"
                            }
                        },
                        "datasetParameters": {
                            "sink1": {
                                "schemaname": "dbo",
                                "tablename": {
                                    "value": "@variables('v_target_tbl')",
                                    "type": "Expression"
                                }
                            }
                        }
                    },
                    "staging": {
                        "linkedService": {
                            "referenceName": "adlsLS",
                            "type": "LinkedServiceReference"
                        },
                        "folderPath": "synapsedata/dataflowstage"
                    },
                    "compute": {
                        "coreCount": 8,
                        "computeType": "General"
                    },
                    "traceLevel": "Fine"
                }
            }
        ],
        "variables": {
            "v_source_tbl": {
                "type": "String",
                "defaultValue": "cr39c_njo_test_table1"
            },
            "v_target_tbl": {
                "type": "String",
                "defaultValue": "njo_table1"
            }
        },
        "annotations": [],
        "lastPublishTime": "2022-10-19T22:15:48Z"
    },
    "type": "Microsoft.Synapse/workspaces/pipelines"
}