{
    "name": "load_dataverse_to_SQL_copyactivity",
    "properties": {
        "activities": [
            {
                "name": "Copy_LakeDBtoSQLDB",
                "type": "Copy",
                "dependsOn": [],
                "policy": {
                    "timeout": "0.12:00:00",
                    "retry": 0,
                    "retryIntervalInSeconds": 30,
                    "secureOutput": false,
                    "secureInput": false
                },
                "userProperties": [],
                "typeProperties": {
                    "source": {
                        "type": "SqlDWSource",
                        "sqlReaderQuery": "SELECT TOP 100 * FROM [dataverse_njotest_unqc6111fa0426b48d9b24e48af72819].[dbo].[account]",
                        "queryTimeout": "02:00:00",
                        "partitionOption": "None"
                    },
                    "sink": {
                        "type": "AzureSqlSink",
                        "writeBehavior": "insert",
                        "sqlWriterUseTableLock": false,
                        "tableOption": "autoCreate",
                        "disableMetricsCollection": false
                    },
                    "enableStaging": false,
                    "translator": {
                        "type": "TabularTranslator",
                        "typeConversion": true,
                        "typeConversionSettings": {
                            "allowDataTruncation": true,
                            "treatBooleanAsNumber": false
                        }
                    }
                },
                "inputs": [
                    {
                        "referenceName": "AzureSynapseAnalyticsTable2",
                        "type": "DatasetReference"
                    }
                ],
                "outputs": [
                    {
                        "referenceName": "njosqlserver2_PSDemo",
                        "type": "DatasetReference",
                        "parameters": {
                            "schema": "dbo",
                            "table": "account_copyactivity"
                        }
                    }
                ]
            }
        ],
        "variables": {
            "v_source_tbl": {
                "type": "String",
                "defaultValue": "cr39c_njo_test2"
            },
            "v_target_tbl": {
                "type": "String",
                "defaultValue": "cr39c_njo_test2"
            }
        },
        "annotations": [],
        "lastPublishTime": "2022-10-19T22:16:09Z"
    },
    "type": "Microsoft.Synapse/workspaces/pipelines"
}