{"$schema":"http://schema.management.azure.com/schemas/2015-01-01/deploymentTemplate.json#","contentVersion":"1.0.0.0","parameters":{"workspaceName":{"type":"string","metadata":"Workspace name","defaultValue":"njo-synapse"},"njo-synapse-WorkspaceDefaultSqlServer":{"type":"string"},"sqlserverless":{"type":"string"}},"variables":{"workspaceId":"[concat('Microsoft.Synapse/workspaces/', parameters('workspaceName'))]"},"resources":[{"name":"[concat(parameters('workspaceName'), '/Pipeline 1')]","type":"Microsoft.Synapse/workspaces/pipelines","apiVersion":"2019-06-01-preview","properties":{"activities":[{"name":"Copy_external_table_list","type":"Copy","dependsOn":[],"policy":{"timeout":"0.12:00:00","retry":0,"retryIntervalInSeconds":30,"secureOutput":false,"secureInput":false},"userProperties":[],"typeProperties":{"source":{"type":"SqlDWSource","sqlReaderQuery":"SELECT SCHEMA_NAME(ET.Schema_id) AS schema_name, ET.name as table_name, EDS.name as datasource_name, EDS.[location] as datasource_location, ET.location as table_location\r\n FROM sys.external_tables AS ET \r\n INNER JOIN sys.external_data_sources AS EDS\r\n  ON ET.data_source_id = EDS.data_source_id\r\nWHERE ET.type = 'U'","queryTimeout":"02:00:00","partitionOption":"None"},"sink":{"type":"SqlDWSink","preCopyScript":"IF OBJECT_ID (N's1.external_table_list', N'U') IS NOT NULL\n DROP TABLE s1.external_table_list\n","writeBehavior":"Insert","sqlWriterUseTableLock":false,"tableOption":"autoCreate","disableMetricsCollection":false},"enableStaging":false,"translator":{"type":"TabularTranslator","typeConversion":true,"typeConversionSettings":{"allowDataTruncation":true,"treatBooleanAsNumber":false}}},"inputs":[{"referenceName":"AzureSynapseAnalyticsServerless","type":"DatasetReference","parameters":{}}],"outputs":[{"referenceName":"AzureSynapseAnalyticsTable1","type":"DatasetReference","parameters":{"schemaname":"s1","tablename":"external_table_list"}}]},{"name":"Copy_external_table_columns","type":"Copy","dependsOn":[{"activity":"Copy_external_table_list","dependencyConditions":["Succeeded"]}],"policy":{"timeout":"0.12:00:00","retry":0,"retryIntervalInSeconds":30,"secureOutput":false,"secureInput":false},"userProperties":[],"typeProperties":{"source":{"type":"SqlDWSource","sqlReaderQuery":"SELECT TABLE_SCHEMA, TABLE_NAME, COLUMN_NAME, IS_NULLABLE, DATA_TYPE, CHARACTER_MAXIMUM_LENGTH, NUMERIC_PRECISION, NUMERIC_SCALE, DATETIME_PRECISION,\n    CASE WHEN lower(DATA_TYPE) = 'uniqueidentifier' THEN 'nvarchar(36)'\n         WHEN lower(DATA_TYPE) IN('varchar', 'nvarchar','char')  AND ISNULL(CHARACTER_MAXIMUM_LENGTH,-1) > -1 THEN DATA_TYPE + '(' + CAST(CHARACTER_MAXIMUM_LENGTH AS VARCHAR) + ')'\n         WHEN lower(DATA_TYPE) IN('varchar', 'nvarchar','char')  AND ISNULL(CHARACTER_MAXIMUM_LENGTH,-1) = -1 THEN DATA_TYPE + '(MAX)'\n         WHEN lower(DATA_TYPE) IN('decimal', 'numeric') THEN DATA_TYPE + '(' + CAST(NUMERIC_PRECISION AS VARCHAR) + ','+ CAST(NUMERIC_SCALE AS VARCHAR)  + ')'\n         WHEN lower(DATA_TYPE) IN('datetime', 'datetime2', 'datetimeoffset' ) THEN 'nvarchar(50)'\n      ELSE DATA_TYPE\n      END AS DATA_TYPE_SQL\nFROM INFORMATION_SCHEMA.COLUMNS AS C\nINNER JOIN sys.external_tables AS T\nON C.TABLE_SCHEMA = SCHEMA_NAME(T.schema_id)\nAND C.TABLE_NAME = T.[name]","queryTimeout":"02:00:00","partitionOption":"None"},"sink":{"type":"SqlDWSink","preCopyScript":"IF OBJECT_ID (N's1.external_table_columns', N'U') IS NOT NULL\n DROP TABLE s1.external_table_columns\n","writeBehavior":"Insert","sqlWriterUseTableLock":false,"tableOption":"autoCreate","disableMetricsCollection":false},"enableStaging":false,"translator":{"type":"TabularTranslator","typeConversion":true,"typeConversionSettings":{"allowDataTruncation":true,"treatBooleanAsNumber":false}}},"inputs":[{"referenceName":"AzureSynapseAnalyticsServerless","type":"DatasetReference","parameters":{}}],"outputs":[{"referenceName":"AzureSynapseAnalyticsTable1","type":"DatasetReference","parameters":{"schemaname":"s1","tablename":"external_table_columns"}}]},{"name":"ForEach1","type":"ForEach","dependsOn":[{"activity":"Lookup1","dependencyConditions":["Succeeded"]}],"userProperties":[],"typeProperties":{"items":{"value":"@activity('Lookup1').output.value","type":"Expression"},"isSequential":true,"activities":[{"name":"create_tables","type":"Script","dependsOn":[],"policy":{"timeout":"0.12:00:00","retry":0,"retryIntervalInSeconds":30,"secureOutput":false,"secureInput":false},"userProperties":[],"linkedServiceName":{"referenceName":"[parameters('njo-synapse-WorkspaceDefaultSqlServer')]","type":"LinkedServiceReference","parameters":{"DBName":"dedicatedSQLPool"}},"typeProperties":{"scripts":[{"type":"Query","text":"--dynamic script to create external table in dedicated pool\r\ndeclare @entity nvarchar(200) = '@{item().table_name}'\r\nDeclare @CreateTableDDL nvarchar(max)\r\nSELECT  \r\n@CreateTableDDL  =  'CREATE EXTERNAL TABLE s1.' + @entity +   + '(' + STRING_AGG(CONVERT(NVARCHAR(max), + '[' + C.Column_Name + '] ' +  C.Data_TYPE_SQL) , ',') + ')'\r\n+ 'WITH (\r\n\tLOCATION = ''' + @entity + ''' , \r\n\tDATA_SOURCE = [dataverse-njotest-unqc6111fa0426b48d9b24e48af72819_njoadlsext1_dfs_core_windows_net],\r\n\tFILE_FORMAT = [CSV_StringDelimiterQuotes]\r\n\t)'\r\nFROM S1.external_table_columns  AS C\r\nINNER JOIN S1.external_table_list AS T\r\n ON C.TABLE_SCHEMA = T.schema_name\r\n AND C.TABLE_NAME = T.table_name\r\n WHERE C.TABLE_NAME = '@{item().table_name}'\r\n AND C.TABLE_SCHEMA = '@{item().schema_name}'\r\n\r\n--SELECT @CreateTableDDL\r\nexecute sp_executesql  @CreateTableDDL;"}],"scriptBlockExecutionTimeout":"02:00:00"}}]}},{"name":"Lookup1","type":"Lookup","dependsOn":[{"activity":"Copy_external_table_columns","dependencyConditions":["Succeeded"]}],"policy":{"timeout":"0.12:00:00","retry":0,"retryIntervalInSeconds":30,"secureOutput":false,"secureInput":false},"userProperties":[],"typeProperties":{"source":{"type":"SqlDWSource","queryTimeout":"02:00:00","partitionOption":"None"},"dataset":{"referenceName":"AzureSynapseAnalyticsTable1","type":"DatasetReference","parameters":{"schemaname":"s1","tablename":"external_table_list"}},"firstRowOnly":false}}],"policy":{"elapsedTimeMetric":{},"cancelAfter":{}},"annotations":[]},"dependsOn":["[concat(variables('workspaceId'), '/datasets/AzureSynapseAnalyticsServerless')]","[concat(variables('workspaceId'), '/datasets/AzureSynapseAnalyticsTable1')]"]},{"name":"[concat(parameters('workspaceName'), '/AzureSynapseAnalyticsServerless')]","type":"Microsoft.Synapse/workspaces/datasets","apiVersion":"2019-06-01-preview","properties":{"linkedServiceName":{"referenceName":"[parameters('sqlserverless')]","type":"LinkedServiceReference"},"annotations":[],"type":"AzureSqlDWTable","schema":[],"typeProperties":{}},"dependsOn":[]},{"name":"[concat(parameters('workspaceName'), '/AzureSynapseAnalyticsTable1')]","type":"Microsoft.Synapse/workspaces/datasets","apiVersion":"2019-06-01-preview","properties":{"linkedServiceName":{"referenceName":"[parameters('njo-synapse-WorkspaceDefaultSqlServer')]","type":"LinkedServiceReference","parameters":{"DBName":"dedicatedSQLPool"}},"parameters":{"schemaname":{"type":"string"},"tablename":{"type":"string"}},"annotations":[],"type":"AzureSqlDWTable","schema":[],"typeProperties":{"schema":{"value":"@dataset().schemaname","type":"Expression"},"table":{"value":"@dataset().tablename","type":"Expression"}}},"dependsOn":[]}]}