{
    "name": "AzureSynapseAnalyticsTable1",
    "properties": {
        "linkedServiceName": {
            "referenceName": "njo-synapse-WorkspaceDefaultSqlServer",
            "type": "LinkedServiceReference",
            "parameters": {
                "DBName": "dedicatedSQLPool"
            }
        },
        "parameters": {
            "schemaname": {
                "type": "string"
            },
            "tablename": {
                "type": "string"
            }
        },
        "annotations": [],
        "type": "AzureSqlDWTable",
        "schema": [],
        "typeProperties": {
            "schema": {
                "value": "@dataset().schemaname",
                "type": "Expression"
            },
            "table": {
                "value": "@dataset().tablename",
                "type": "Expression"
            }
        }
    },
    "type": "Microsoft.Synapse/workspaces/datasets"
}