{
    "now": "2022-10-20T16:39:01.651Z",
    "perfNow": 7515067.799999952,
    "diagnosticCorrelation": "3f640d9b-8cca-44a0-9ae9-ca9c368d3bd8",
    "source": "DownloadSupportFiles",
    "environment": {
        "productName": "a365",
        "buildVersion": "22.1012.19",
        "environmentType": 9,
        "resourceName": "njo-synapse",
        "resourceRegion": "eastus",
        "resourceGroup": "njo_rg_extsandbox_lab1",
        "subscriptionId": "b2c949f6-ea2c-47d9-b41d-9e8b8a5fa171",
        "sessionId": "PhZ36",
        "operationId": "4Txdo",
        "gitType": "live"
    },
    "additionalInfo": {
        "selectedResource": "Generate_dedicated_ext_tables_dataverse",
        "selectedResourceType": "pipeline"
    }
}