{
    "now": "2022-10-19T22:02:37.624Z",
    "perfNow": 38072807.20000005,
    "diagnosticCorrelation": "7fe0283d-b273-49fe-8b5b-124f9a026dd7",
    "source": "DownloadSupportFiles",
    "environment": {
        "productName": "a365",
        "buildVersion": "22.1012.19",
        "environmentType": 9,
        "resourceName": "njo-synapse",
        "resourceRegion": "eastus",
        "resourceGroup": "njo_rg_extsandbox_lab1",
        "subscriptionId": "b2c949f6-ea2c-47d9-b41d-9e8b8a5fa171",
        "sessionId": "rsULj",
        "operationId": "iAjfM",
        "gitType": "live"
    },
    "additionalInfo": {
        "selectedResource": "Generate_dedicated_ext_tables_dataverse",
        "selectedResourceType": "pipeline"
    }
}