{
    "name": "modelJson",
    "properties": {
        "linkedServiceName": {
            "referenceName": "njo-synapse-WorkspaceDefaultStorage",
            "type": "LinkedServiceReference"
        },
        "parameters": {
            "container": {
                "type": "string"
            },
            "folder": {
                "type": "string"
            }
        },
        "annotations": [],
        "type": "Json",
        "typeProperties": {
            "location": {
                "type": "AzureBlobFSLocation",
                "fileName": "model.json",
                "folderPath": {
                    "value": "@dataset().folder",
                    "type": "Expression"
                },
                "fileSystem": {
                    "value": "@dataset().container",
                    "type": "Expression"
                }
            }
        },
        "schema": {}
    },
    "type": "Microsoft.Synapse/workspaces/datasets"
}