{
    "name": "njosqlserver2_PSDemo",
    "properties": {
        "linkedServiceName": {
            "referenceName": "njosqlserver2_PSDemo",
            "type": "LinkedServiceReference"
        },
        "parameters": {
            "schema": {
                "type": "string"
            },
            "table": {
                "type": "string"
            }
        },
        "annotations": [],
        "type": "AzureSqlTable",
        "schema": [],
        "typeProperties": {
            "schema": {
                "value": "@dataset().schema",
                "type": "Expression"
            },
            "table": {
                "value": "@dataset().table",
                "type": "Expression"
            }
        }
    },
    "type": "Microsoft.Synapse/workspaces/datasets"
}