{
    "name": "Generate_dedicated_ext_tables_dataverse",
    "properties": {
        "description": "Once you have Synapse Link for Dataverse set up with incremental updates, use this template to copy data from ADLS Gen 2 to an Azure SQL Database.",
        "activities": [
            {
                "name": "LookupModelJson",
                "description": "Read model.json file to retrieve metadata",
                "type": "Lookup",
                "dependsOn": [
                    {
                        "activity": "truncate_metadata",
                        "dependencyConditions": [
                            "Succeeded"
                        ]
                    }
                ],
                "policy": {
                    "timeout": "7.00:00:00",
                    "retry": 0,
                    "retryIntervalInSeconds": 30,
                    "secureOutput": false,
                    "secureInput": false
                },
                "userProperties": [],
                "typeProperties": {
                    "source": {
                        "type": "JsonSource",
                        "storeSettings": {
                            "type": "AzureBlobFSReadSettings",
                            "recursive": false,
                            "enablePartitionDiscovery": false
                        },
                        "formatSettings": {
                            "type": "JsonReadSettings"
                        }
                    },
                    "dataset": {
                        "referenceName": "modelJson",
                        "type": "DatasetReference",
                        "parameters": {
                            "container": {
                                "value": "@pipeline().parameters.container",
                                "type": "Expression"
                            },
                            "folder": {
                                "value": "@pipeline().parameters.folder",
                                "type": "Expression"
                            }
                        }
                    }
                }
            },
            {
                "name": "ForEachEntity",
                "description": "Loop for each entity in model.json file.",
                "type": "ForEach",
                "dependsOn": [
                    {
                        "activity": "LookupModelJson",
                        "dependencyConditions": [
                            "Succeeded"
                        ]
                    }
                ],
                "userProperties": [],
                "typeProperties": {
                    "items": {
                        "value": "@activity('LookupModelJson').output.firstRow.entities",
                        "type": "Expression"
                    },
                    "batchCount": 4,
                    "activities": [
                        {
                            "name": "If Condition1",
                            "type": "IfCondition",
                            "dependsOn": [],
                            "userProperties": [],
                            "typeProperties": {
                                "expression": {
                                    "value": "@equals(item().name, 'cr39c_njo_test2')",
                                    "type": "Expression"
                                },
                                "ifTrueActivities": [
                                    {
                                        "name": "Set variable sql_txt",
                                        "type": "SetVariable",
                                        "dependsOn": [],
                                        "userProperties": [],
                                        "typeProperties": {
                                            "variableName": "sql_txt",
                                            "value": {
                                                "value": "Declare @attributes nvarchar(max) =replace(replace('@{item().attributes}', '\\',''), 'cdm:traits', 'traits') ;\ndeclare @entity nvarchar(200) = '@{item().name}';\n\n\n\ninsert into exta.metadata\nselect  @entity,\n x.Name,  x.dataType,  x.maxLength,  x.precision,  x.scale,  \n case  \n when x.dataType = 'nvarchar' and x.maxLength < 0 then 'nvarchar(max)'  \n when x.datatype = 'nvarchar' and x.maxLength > 0 then 'nvarchar(' + convert(nvarchar(10), x.maxLength) + ')'\n when x.datatype = 'decimal' then 'decimal(' + convert(nvarchar(10), x.precision) + ',' + convert(nvarchar(10), x.scale)+ ')'  \n else x.datatype end as datatypeSQL  \n from ( \n select Name,   \n case datatype     \n when 'guid' then 'nvarchar(36)'    \n when 'string' then 'nvarchar'    \n when 'int64' then 'bigInt'    \n when 'boolean' then 'bit'   \n when 'double' then 'real'    \n when 'dateTime' then 'nvarchar(50)'\n when 'dateTimeOffset' then 'nvarchar(50)'\n else datatype end as dataType,    \n case    when datatype = 'string' and  maxLength > 4000 then -1    \n when datatype = 'string'  then maxLength end as maxLength,   \n case  when datatype = 'decimal' then precision end as precision,   \n case  when datatype = 'decimal' then scale end as scale   \n FROM OPENJSON(@attributes)  WITH (  name nvarchar(200) '$.name',  datatype NVARCHAR(50) '$.dataType' , maxLength int '$.maxLength' ,precision int '$.traits[0].arguments[0].value' ,scale int '$.traits[0].arguments[1].value')  )x ; \n \n \n",
                                                "type": "Expression"
                                            }
                                        }
                                    },
                                    {
                                        "name": "Insert_metadata",
                                        "type": "Script",
                                        "dependsOn": [
                                            {
                                                "activity": "Set variable sql_txt",
                                                "dependencyConditions": [
                                                    "Succeeded"
                                                ]
                                            }
                                        ],
                                        "policy": {
                                            "timeout": "0.12:00:00",
                                            "retry": 0,
                                            "retryIntervalInSeconds": 30,
                                            "secureOutput": false,
                                            "secureInput": false
                                        },
                                        "userProperties": [],
                                        "linkedServiceName": {
                                            "referenceName": "njo-synapse-WorkspaceDefaultSqlServer",
                                            "type": "LinkedServiceReference",
                                            "parameters": {
                                                "DBName": "dedicatedSQLPool"
                                            }
                                        },
                                        "typeProperties": {
                                            "scripts": [
                                                {
                                                    "type": "Query",
                                                    "text": {
                                                        "value": "@variables('sql_txt')",
                                                        "type": "Expression"
                                                    }
                                                }
                                            ]
                                        }
                                    },
                                    {
                                        "name": "create_table",
                                        "type": "Script",
                                        "dependsOn": [
                                            {
                                                "activity": "Insert_metadata",
                                                "dependencyConditions": [
                                                    "Succeeded"
                                                ]
                                            }
                                        ],
                                        "policy": {
                                            "timeout": "0.12:00:00",
                                            "retry": 0,
                                            "retryIntervalInSeconds": 30,
                                            "secureOutput": false,
                                            "secureInput": false
                                        },
                                        "userProperties": [],
                                        "linkedServiceName": {
                                            "referenceName": "njo-synapse-WorkspaceDefaultSqlServer",
                                            "type": "LinkedServiceReference",
                                            "parameters": {
                                                "DBName": "dedicatedSQLPool"
                                            }
                                        },
                                        "typeProperties": {
                                            "scripts": [
                                                {
                                                    "type": "Query",
                                                    "text": {
                                                        "value": "declare @entity nvarchar(200) = '@{item().name}';\nDeclare @CreateTableDDL nvarchar(max)\nSELECT  \n@CreateTableDDL  =  'CREATE EXTERNAL TABLE exta.' + @entity +   + '(' + STRING_AGG(CONVERT(NVARCHAR(max), + '[' + Name + '] ' +  datatypeSQL) , ',') + ')'\n+ 'WITH (\n\tLOCATION = ''cr39c_njo_test2/2022-10.csv'',\n\tDATA_SOURCE = [dataverse-njotest-unqc6111fa0426b48d9b24e48af72819_njoadlsext1_dfs_core_windows_net],\n\tFILE_FORMAT = [CSV_StringDelimiterQuotes]\n\t)'\nFROM exta.metadata \nWHERE [Entity] =   'cr39c_njo_test2'\n\nexecute sp_executesql  @CreateTableDDL;\n",
                                                        "type": "Expression"
                                                    }
                                                }
                                            ]
                                        }
                                    }
                                ]
                            }
                        }
                    ]
                }
            },
            {
                "name": "truncate_metadata",
                "type": "Script",
                "dependsOn": [],
                "policy": {
                    "timeout": "0.12:00:00",
                    "retry": 0,
                    "retryIntervalInSeconds": 30,
                    "secureOutput": false,
                    "secureInput": false
                },
                "userProperties": [],
                "linkedServiceName": {
                    "referenceName": "njo-synapse-WorkspaceDefaultSqlServer",
                    "type": "LinkedServiceReference",
                    "parameters": {
                        "DBName": "dedicatedSQLPool"
                    }
                },
                "typeProperties": {
                    "scripts": [
                        {
                            "type": "Query",
                            "text": "truncate table exta.metadata"
                        }
                    ]
                }
            }
        ],
        "parameters": {
            "container": {
                "type": "string",
                "defaultValue": "dataverse-njotest-unqc6111fa0426b48d9b24e48af72819"
            },
            "folder": {
                "type": "string"
            }
        },
        "variables": {
            "sql_txt": {
                "type": "String"
            }
        },
        "annotations": [
            "DataverseSQL"
        ],
        "lastPublishTime": "2022-10-18T15:26:17Z"
    },
    "type": "Microsoft.Synapse/workspaces/pipelines"
}