{
    "now": "2022-10-20T16:39:06.597Z",
    "perfNow": 7520014.1999999285,
    "diagnosticCorrelation": "5cd70164-3804-4096-a60c-3470ba91f4c7",
    "source": "DownloadSupportFiles",
    "environment": {
        "productName": "a365",
        "buildVersion": "22.1012.19",
        "environmentType": 9,
        "resourceName": "njo-synapse",
        "resourceRegion": "eastus",
        "resourceGroup": "njo_rg_extsandbox_lab1",
        "subscriptionId": "b2c949f6-ea2c-47d9-b41d-9e8b8a5fa171",
        "sessionId": "PhZ36",
        "operationId": "4Txdo",
        "gitType": "live"
    },
    "additionalInfo": {
        "selectedResource": "load_dataversePartitionTables_to_sql_dataflow",
        "selectedResourceType": "pipeline"
    }
}