{
    "name": "DataverseCDMToSQL",
    "properties": {
        "description": "Data flow which reads CDM entity, transforms the data and move the data to destination SQL DB",
        "type": "MappingDataFlow",
        "typeProperties": {
            "sources": [
                {
                    "linkedService": {
                        "referenceName": "njo-synapse-WorkspaceDefaultStorage",
                        "type": "LinkedServiceReference"
                    },
                    "name": "CDMEntity"
                },
                {
                    "linkedService": {
                        "referenceName": "njosqlserver2_PSDemo",
                        "type": "LinkedServiceReference"
                    },
                    "name": "getMaxVersion"
                }
            ],
            "sinks": [
                {
                    "linkedService": {
                        "referenceName": "njosqlserver2_PSDemo",
                        "type": "LinkedServiceReference"
                    },
                    "name": "AzureSQLDB"
                },
                {
                    "linkedService": {
                        "referenceName": "njosqlserver2_PSDemo",
                        "type": "LinkedServiceReference"
                    },
                    "name": "AzureSQLDBDeleteLog"
                }
            ],
            "transformations": [
                {
                    "name": "IdentifyColumns"
                },
                {
                    "name": "AlterRow"
                },
                {
                    "name": "rank"
                },
                {
                    "name": "dedup"
                },
                {
                    "name": "filterolders"
                },
                {
                    "name": "filterdeletedrows"
                },
                {
                    "name": "addentityname"
                },
                {
                    "name": "selectdeletelogcolumns"
                }
            ],
            "scriptLines": [
                "parameters{",
                "     container as string,",
                "     folder as string,",
                "     entity as string",
                "}",
                "source(allowSchemaDrift: true,",
                "     validateSchema: false,",
                "     inferDriftedColumnTypes: true,",
                "     ignoreNoFilesFound: true,",
                "     entity: ($entity),",
                "     format: 'cdm',",
                "     manifestType: 'model',",
                "     folderPath: ($folder),",
                "     fileSystem: ($container),",
                "     dateFormats: ['MM/dd/yyyy','yyyy-MM-dd'],",
                "     timestampFormats: ['MM/dd/yyyy hh:mm:ss a','yyyy-MM-dd\\'T\\'HH:mm:ss.SSS\\'Z\\'','yyyy-MM-dd\\'T\\'HH:mm:ss\\'Z\\'','MM/dd/yyyy HH:mm:ss','yyyy-MM-dd\\'T\\'HH:mm:ss']) ~> CDMEntity",
                "source(output(",
                "          maxversion as integer",
                "     ),",
                "     allowSchemaDrift: true,",
                "     validateSchema: false,",
                "     format: 'query',",
                "     store: 'sqlserver',",
                "     query: (\"select max(versionnumber) as maxversion from dbo.\" + $entity ),",
                "     isolationLevel: 'READ_UNCOMMITTED') ~> getMaxVersion",
                "CDMEntity derive(Id = toString(byName(\"Id\")),",
                "          versionnumber = toLong(byName(\"versionnumber\")),",
                "          IsDelete = toBoolean(byName(\"IsDelete\")),",
                "          SinkModifiedOn = toTimestamp(byName(\"SinkModifiedOn\"))) ~> IdentifyColumns",
                "filterolders alterRow(deleteIf(IsDelete==true()),",
                "     upsertIf(isNull(IsDelete)||IsDelete==false())) ~> AlterRow",
                "IdentifyColumns window(over(Id),",
                "     desc(Id, false),",
                "     desc(versionnumber, false),",
                "     {_RowVersion} = denseRank()) ~> rank",
                "rank filter(toLong(byName(\"_RowVersion\"))==1) ~> dedup",
                "dedup, getMaxVersion join(versionnumber > maxversion,",
                "     joinType:'left',",
                "     matchType:'exact',",
                "     ignoreSpaces: false,",
                "     broadcast: 'right')~> filterolders",
                "filterolders filter(IsDelete==true()) ~> filterdeletedrows",
                "filterdeletedrows derive(EntityName = $entity) ~> addentityname",
                "addentityname select(mapColumn(",
                "          EntityName,",
                "          RecordId = Id,",
                "          SinkDeleteTime = SinkModifiedOn,",
                "          VersionNumber = versionnumber",
                "     ),",
                "     skipDuplicateMapInputs: false,",
                "     skipDuplicateMapOutputs: true) ~> selectdeletelogcolumns",
                "AlterRow sink(allowSchemaDrift: true,",
                "     validateSchema: false,",
                "     format: 'table',",
                "     store: 'sqlserver',",
                "     schemaName: 'dbo',",
                "     tableName: ($entity),",
                "     insertable: true,",
                "     updateable: false,",
                "     deletable: true,",
                "     upsertable: true,",
                "     keys:['id'],",
                "     skipDuplicateMapInputs: true,",
                "     skipDuplicateMapOutputs: true,",
                "     errorHandlingOption: 'stopOnFirstError') ~> AzureSQLDB",
                "selectdeletelogcolumns sink(allowSchemaDrift: true,",
                "     validateSchema: false,",
                "     format: 'table',",
                "     store: 'sqlserver',",
                "     schemaName: 'dbo',",
                "     tableName: 'DeleteLog',",
                "     insertable: true,",
                "     updateable: false,",
                "     deletable: false,",
                "     upsertable: false,",
                "     skipDuplicateMapInputs: true,",
                "     skipDuplicateMapOutputs: true,",
                "     errorHandlingOption: 'stopOnFirstError') ~> AzureSQLDBDeleteLog"
            ]
        }
    }
}