{
    "now": "2022-10-20T16:38:59.368Z",
    "perfNow": 7512785,
    "diagnosticCorrelation": "e5e98e22-e372-4187-afcb-cdf4e9caea4a",
    "source": "DownloadSupportFiles",
    "environment": {
        "productName": "a365",
        "buildVersion": "22.1012.19",
        "environmentType": 9,
        "resourceName": "njo-synapse",
        "resourceRegion": "eastus",
        "resourceGroup": "njo_rg_extsandbox_lab1",
        "subscriptionId": "b2c949f6-ea2c-47d9-b41d-9e8b8a5fa171",
        "sessionId": "PhZ36",
        "operationId": "4Txdo",
        "gitType": "live"
    },
    "additionalInfo": {
        "selectedResource": "load_dataverse_to_SQL_copyactivity",
        "selectedResourceType": "pipeline"
    }
}